"231234234234","23/34","231","2026-09-24 12:26:14;
"website.com","ra1zzzen","okak123123123","2026-09-24 12:26:14;
"12321321","432432","342342","2026-09-24 12:26:27;
"website.com","ra1zzzen","okak123123123","2026-09-24 12:26:27;
"231234234234","23/34","231","2026-09-24 12:26:27;
"website.com","ra1zzzen","okak123123123","2026-09-24 12:26:27;
"12321321","432432","342342","2026-09-24 12:26:27;
"324234","3242423","23213213","2026-09-24 12:26:27;
"12321321","432432","342342","2026-09-24 12:26:27;
"website.com","ra1zzzen","okak123123123","2026-09-24 12:26:27;
"231234234234","23/34","231","2026-09-24 12:26:27;
"website.com","ra1zzzen","okak123123123","2026-09-24 12:26:27;
"12321321","432432","342342","2026-09-24 12:26:27;
"324234","3242423","23213213","2026-09-24 12:26:27;
"12321321","432432","342342","2026-09-24 12:26:27;
"website.com","ra1zzzen","okak123123123","2026-09-24 12:26:27;
"231234234234","23/34","231","2026-09-24 12:26:27;
"website.com","ra1zzzen","okak123123123","2026-09-24 12:26:27;
"231234234234","23/34","231","2026-09-24 12:26:27;
"website.com","ra1zzzen","okak123123123","2026-09-24 12:26:27;
"231234234234","23/34","231","2026-09-24 12:26:27;
"website.com","ra1zzzen","okak123123123","2026-09-24 12:26:27;
"12321321","432432","342342","2026-09-24 12:26:27;
"324234","3242423","23213213","2026-09-24 12:26:27;
"12321321","432432","342342","2026-09-24 12:26:27;
"website.com","ra1zzzen","okak123123123","2026-09-24 12:26:27;
"231234234234","23/34","231","2026-09-24 12:26:27;
"website.com","ra1zzzen","okak123123123","2026-09-24 12:26:27;
"12321321","432432","342342","2026-09-24 12:26:27;
"324234","3242423","23213213","2026-09-24 12:26:27;
"12321321","432432","342342","2026-09-24 12:26:27;
"324234","3242423","23213213","2026-09-24 12:26:27;
"12321321","432432","342342","2026-09-24 12:26:14;
"324234","3242423","23213213","2026-09-24 12:26:14;
"12321321","432432","342342","2026-09-24 12:26:14;
"website.com","ra1zzzen","okak123123123","2026-09-24 12:26:14;
"231234234234","23/34","231","2026-09-24 12:26:14;
"website.com","ra1zzzen","okak123123123","2026-09-24 12:26:14;
"12321321","432432","342342","2026-09-24 12:26:14;
"324234","3242423","23213213","2026-09-24 12:26:14;
"12321321","432432","342342","2026-09-24 12:26:14;
"website.com","ra1zzzen","okak123123123","2026-09-24 12:26:14;
"231234234234","23/34","231","2026-09-24 12:26:14;
"website.com","ra1zzzen","okak123123123","2026-09-24 12:26:14;
"12321321","432432","342342","2026-09-24 12:26:14;
"324234","3242423","23213213","2026-09-24 12:26:14;
"12321321","432432","342342","2026-09-24 12:26:14;
"website.com","ra1zzzen","okak123123123","2026-09-24 12:26:14;
"231234234234","23/34","231","2026-09-24 12:26:14;
"website.com","ra1zzzen","okak123123123","2026-09-24 12:26:14;
"12321321","432432","342342","2026-09-24 12:26:14;
"324234","3242423","23213213","2026-09-24 12:26:14;
"12321321","432432","342342","2026-09-24 12:26:14;
"website.com","ra1zzzen","okak123123123","2026-09-24 12:26:14;
"231234234234","23/34","231","2026-09-24 12:26:14;
"website.com","ra1zzzen","okak123123123","2026-09-24 12:26:14;
"12321321","432432","342342","2026-09-24 12:26:14;
"324234","3242423","23213213","2026-09-24 12:26:14;
"12321321","432432","342342","2026-09-24 12:26:14;
"website.com","ra1zzzen","okak123123123","2026-09-24 12:26:14;
"231234234234","23/34","231","2026-09-24 12:26:14;
"website.com","ra1zzzen","okak123123123","2026-09-24 12:26:14;
"website.com","ra1zzzen","okak123123123","2026-09-24 12:26:27;
"231234234234","23/34","231","2026-09-24 12:26:14;
"231234234234","23/34","231","2026-09-24 12:26:27;
"website.com","ra1zzzen","okak123123123","2026-09-24 12:26:14;
"12321321","432432","342342","2026-09-24 12:25:22;
"324234","3242423","23213213","2026-09-24 12:26:27;
"324234","3242423","23213213","2026-09-24 12:25:22;
"12321321","432432","342342","2026-09-24 12:26:27;
"12321321","432432","342342","2026-09-24 12:25:22;
"website.com","ra1zzzen","okak123123123","2026-09-24 12:26:27;
"website.com","ra1zzzen","okak123123123","2026-09-24 12:25:22;
"231234234234","23/34","231","2026-09-24 12:26:27;
"231234234234","23/34","231","2026-09-24 12:25:22;
"website.com","ra1zzzen","okak123123123","2026-09-24 12:26:27;
"website.com","ra1zzzen","okak123123123","2026-09-24 12:25:36;
"12321321","432432","342342","2026-09-24 12:26:27;
"12321321","432432","342342","2026-09-24 12:25:36;
"324234","3242423","23213213","2026-09-24 12:26:27;
"324234","3242423","23213213","2026-09-24 12:25:36;
"12321321","432432","342342","2026-09-24 12:26:27;
"12321321","432432","342342","2026-09-24 12:25:36;
"website.com","ra1zzzen","okak123123123","2026-09-24 12:26:27;
"website.com","ra1zzzen","okak123123123","2026-09-24 12:25:36;
"231234234234","23/34","231","2026-09-24 12:26:27;
"231234234234","23/34","231","2026-09-24 12:25:36;
"website.com","ra1zzzen","okak123123123","2026-09-24 12:26:27;
"website.com","ra1zzzen","okak123123123","2026-09-24 12:25:36;
"12321321","432432","342342","2026-09-24 12:26:27;
"12321321","432432","342342","2026-09-24 12:25:36;
"324234","3242423","23213213","2026-09-24 12:26:27;
"324234","3242423","23213213","2026-09-24 12:25:36;
"12321321","432432","342342","2026-09-24 12:26:27;
"12321321","432432","342342","2026-09-24 12:25:36;
"website.com","ra1zzzen","okak123123123","2026-09-24 12:26:27;
"12321321","432432","342342","2026-09-24 12:26:27;
"website.com","ra1zzzen","okak123123123","2026-09-24 12:25:51;
"324234","3242423","23213213","2026-09-24 12:26:27;
"12321321","432432","342342","2026-09-24 12:25:51;
"12321321","432432","342342","2026-09-24 12:26:27;
"324234","3242423","23213213","2026-09-24 12:25:51;
"website.com","ra1zzzen","okak123123123","2026-09-24 12:26:27;
"12321321","432432","342342","2026-09-24 12:25:51;
"231234234234","23/34","231","2026-09-24 12:26:27;
"website.com","ra1zzzen","okak123123123","2026-09-24 12:25:36;
"231234234234","23/34","231","2026-09-24 12:26:27;
"website.com","ra1zzzen","okak123123123","2026-09-24 12:25:51;
"12321321","432432","342342","2026-09-24 12:26:27;
"website.com","ra1zzzen","okak123123123","2026-09-24 12:26:27;
"231234234234","23/34","231","2026-09-24 12:25:36;
"website.com","ra1zzzen","okak123123123","2026-09-24 12:26:27;
"231234234234","23/34","231","2026-09-24 12:25:51;
"12321321","432432","342342","2026-09-24 12:26:27;
"website.com","ra1zzzen","okak123123123","2026-09-24 12:25:51;
"231234234234","23/34","231","2026-09-24 12:25:51;
"website.com","ra1zzzen","okak123123123","2026-09-24 12:26:27;
"website.com","ra1zzzen","okak123123123","2026-09-24 12:25:51;
"231234234234","23/34","231","2026-09-24 12:26:27;
"12321321","432432","342342","2026-09-24 12:25:51;
"website.com","ra1zzzen","okak123123123","2026-09-24 12:26:27;
"324234","3242423","23213213","2026-09-24 12:25:51;
"12321321","432432","342342","2026-09-24 12:26:27;
"12321321","432432","342342","2026-09-24 12:25:51;
"324234","3242423","23213213","2026-09-24 12:26:27;
"website.com","ra1zzzen","okak123123123","2026-09-24 12:25:22;
"12321321","432432","342342","2026-09-24 12:26:27;
"website.com","ra1zzzen","okak123123123","2026-09-24 12:26:14;
"231234234234","23/34","231","2026-09-24 12:26:27;
"12321321","432432","342342","2026-09-24 12:26:14;
"website.com","ra1zzzen","okak123123123","2026-09-24 12:26:27;
"324234","3242423","23213213","2026-09-24 12:26:14;
"12321321","432432","342342","2026-09-24 12:26:27;
"12321321","432432","342342","2026-09-24 12:26:14;
"324234","3242423","23213213","2026-09-24 12:26:27;
"website.com","ra1zzzen","okak123123123","2026-09-24 12:26:14;
"12321321","432432","342342","2026-09-24 12:26:27;
"12321321","432432","342342","2026-09-24 12:26:27;
"324234","3242423","23213213","2026-09-24 12:26:14;
"324234","3242423","23213213","2026-09-24 12:26:27;
"12321321","432432","342342","2026-09-24 12:26:14;
"231234234234","23/34","231","2026-09-24 12:26:27;
"website.com","ra1zzzen","okak123123123","2026-09-24 12:26:14;
"website.com","ra1zzzen","okak123123123","2026-09-24 12:26:27;
"231234234234","23/34","231","2026-09-24 12:25:51;
"12321321","432432","342342","2026-09-24 12:26:27;
"website.com","ra1zzzen","okak123123123","2026-09-24 12:25:51;
"324234","3242423","23213213","2026-09-24 12:26:27;
"12321321","432432","342342","2026-09-24 12:25:51;
"12321321","432432","342342","2026-09-24 12:26:27;
"324234","3242423","23213213","2026-09-24 12:25:51;
"website.com","ra1zzzen","okak123123123","2026-09-24 12:26:27;
"12321321","432432","342342","2026-09-24 12:25:51;
"231234234234","23/34","231","2026-09-24 12:24:57;
"website.com","ra1zzzen","okak123123123","2026-09-24 12:26:27;
"website.com","ra1zzzen","okak123123123","2026-09-24 12:24:57;
"231234234234","23/34","231","2026-09-24 12:26:27;
"12321321","432432","342342","2026-09-24 12:24:57;
"website.com","ra1zzzen","okak123123123","2026-09-24 12:26:27;
"324234","3242423","23213213","2026-09-24 12:24:43;
"12321321","432432","342342","2026-09-24 12:26:27;
"324234","3242423","23213213","2026-09-24 12:26:27;
"12321321","432432","342342","2026-09-24 12:24:37;
"231234234234","23/34","231","2026-09-24 12:25:51;
"website.com","ra1zzzen","okak123123123","2026-09-24 12:26:27;
"324234","3242423","23213213","2026-09-24 12:26:27;
"12321321","432432","342342","2026-09-24 12:26:14;
"website.com","ra1zzzen","okak123123123","2026-09-24 12:26:27;
"231234234234","23/34","231","2026-09-24 12:26:14;
"12321321","432432","342342","2026-09-24 12:26:27;
"231234234234","23/34","231","2026-09-23 14:03:41;
"website.com","ra1zzzen","okak123123123","2026-09-24 12:25:51;
"12321321","432432","342342","2026-09-24 12:26:27;
"12321321","432432","342342","2026-09-24 12:26:27;
"324234","3242423","23213213","2026-09-24 12:26:14;
"12321321","432432","342342","2026-09-24 12:26:27;
"website.com","ra1zzzen","okak123123123","2026-09-24 12:26:14;
"website.com","ra1zzzen","okak123123123","2026-09-24 12:26:27;
"website.com","ra1zzzen","okak123123123","2026-09-23 13:59:46;
"12321321","432432","342342","2026-09-24 12:25:51;
"324234","3242423","23213213","2026-09-24 12:26:27;
"website.com","ra1zzzen","okak123123123","2026-09-24 12:25:51;
"231234234234","23/34","231","2026-09-24 12:26:27;
"website.com","ra1zzzen","okak123123123","2026-09-24 12:26:27;
"12321321","432432","342342","2026-09-24 12:26:14;
"website.com","ra1zzzen","okak123123123","2026-09-24 12:25:51;
"231234234234","23/34","231","2026-09-24 12:26:27;
"12321321","432432","342342","2026-09-24 12:25:51;
"website.com","ra1zzzen","okak123123123","2026-09-24 12:26:27;
"324234","3242423","23213213","2026-09-24 12:25:51;
"12321321","432432","342342","2026-09-24 12:26:27;
"12321321","432432","342342","2026-09-24 12:26:14;
"website.com","ra1zzzen","okak123123123","2026-09-24 12:26:27;
